{"cameraMode":{"drawMode":0,"name":"Shaded","section":"Shading Mode"},"sceneLighting":true,"audioPlay":false,"sceneViewState":{"m_AlwaysRefresh":false,"showFog":true,"showSkybox":true,"showFlares":true,"showImageEffects":true,"showParticleSystems":true,"showVisualEffectGraphs":true,"m_FxEnabled":true},"in2DMode":false,"pivot":{"x":-2.827176094055176,"y":13.276350021362305,"z":-13.530645370483399},"rotation":{"x":0.0023985975421965124,"y":0.023997483775019647,"z":-0.00003527021181071177,"w":0.9997527003288269},"size":15.529693603515625,"orthographic":false}