{"cameraMode":{"drawMode":0,"name":"Shaded","section":"Shading Mode"},"sceneLighting":true,"audioPlay":false,"sceneViewState":{"m_AlwaysRefresh":false,"showFog":true,"showSkybox":true,"showFlares":true,"showImageEffects":true,"showParticleSystems":true,"showVisualEffectGraphs":true,"m_FxEnabled":true},"in2DMode":false,"pivot":{"x":-19.352283477783204,"y":4.087936878204346,"z":26.40904998779297},"rotation":{"x":0.08980324864387512,"y":-0.22945120930671693,"z":0.02120603434741497,"w":0.9689987301826477},"size":54.77655029296875,"orthographic":false}