{"cameraMode":{"drawMode":0,"name":"Shaded","section":"Shading Mode"},"sceneLighting":true,"audioPlay":false,"sceneViewState":{"m_AlwaysRefresh":false,"showFog":true,"showSkybox":true,"showFlares":true,"showImageEffects":true,"showParticleSystems":true,"showVisualEffectGraphs":true,"m_FxEnabled":true},"in2DMode":false,"pivot":{"x":306.1943054199219,"y":185.44720458984376,"z":385.54241943359377},"rotation":{"x":-0.1601162999868393,"y":-0.003852536901831627,"z":0.0006248601130209863,"w":-0.9870901107788086},"size":1154.3387451171875,"orthographic":false}