{"cameraMode":{"drawMode":0,"name":"Shaded","section":"Shading Mode"},"sceneLighting":true,"audioPlay":false,"sceneViewState":{"m_AlwaysRefresh":false,"showFog":true,"showSkybox":true,"showFlares":true,"showImageEffects":true,"showParticleSystems":true,"showVisualEffectGraphs":true,"m_FxEnabled":true},"in2DMode":false,"pivot":{"x":-4.255144119262695,"y":6.839057445526123,"z":-6.229090213775635},"rotation":{"x":0.16950443387031556,"y":-0.029563002288341523,"z":0.005085047800093889,"w":0.9851082563400269},"size":26.024383544921876,"orthographic":false}