{"cameraMode":{"drawMode":0,"name":"Shaded","section":"Shading Mode"},"sceneLighting":true,"audioPlay":false,"sceneViewState":{"m_AlwaysRefresh":false,"showFog":true,"showSkybox":true,"showFlares":true,"showImageEffects":true,"showParticleSystems":true,"showVisualEffectGraphs":true,"m_FxEnabled":true},"in2DMode":false,"pivot":{"x":817.2675170898438,"y":898.3345947265625,"z":589.5609130859375},"rotation":{"x":0.023687852546572686,"y":-0.0039018455427139999,"z":-0.00009251165465684608,"w":-0.9997118711471558},"size":907.712890625,"orthographic":false}